,Buy Price,MOQ,Qty,Amazon Link
B08T9H7KKP,$73,432,432,https://www.amazon.com/dp/B08T9H7KKP
B07SL5RDMH,$14,700,700,https://www.amazon.com/dp/B07SL5RDMH
B0C48GQJNC,$75,300,300,https://www.amazon.com/dp/B0C48GQJNC?
B0B3FXNPWT,$10.50,300,$300.00,https://www.amazon.com/dp/B0B3FXNPWT
B097Z5387H,$29,500,$500.00,https://www.amazon.com/dp/B097Z5387H
B09TRGJ7YR,$11,660,660,https://www.amazon.com/dp/B09TRGJ7YR?
B07WW2PS8P,$12,500,500,https://www.amazon.com/dp/B07WW2PS8P
B0BFG23R47,$80.00,500,500,https://www.amazon.com/dp/B0BFG23R47
B0CQPSX7QR,$53.00,300,26 October,https://www.amazon.com/dp/B0CQPSX7QR
B09TRGJ7YR,$12.50,350,350,https://www.amazon.com/dp/B09TRGJ7YR
B07WW2PS8P,$10.00,500,1000,https://www.amazon.com/Cross-Bailey-Polished-Fountain-Medium/dp/B07WW2PS8P?th=1
B0CSD3WVBX,$9,500,500,https://www.amazon.com/dp/B0CSD3WVBX
B000YUOY30,$10,797,797,https://www.amazon.com/dp/B000YUOY30
B08XHK7ZLH,$10,343,343,https://www.amazon.com/Lalaloopsy-Silly-Hair-Doll-Accessories/dp/B08XHK7ZLH
B09TX13F29,$39,100,100,https://www.amazon.com/dp/B09TX13F29
B08KHKFSBQ,$79.00,300,300,https://www.amazon.com/Dehydrator-Rotisserie-Circulation-Accessories-ZSEAF22/dp/B08KHKFSBQ?th=1
B00OCIR6C6,$4,150,150,https://www.amazon.com/Silpat-Perfect-Cookie-Baking-Mat/dp/B00OCIR6C6/
B08XHK7ZLH,$13.00,343,343,https://www.amazon.com/Lalaloopsy-Silly-Hair-Doll-Accessories/dp/B08XHK7ZLH/
B08DDH5CPW,$69,240,240,https://www.amazon.com/dp/B08DDH5CPW
B0C6V55W2C,$15,1000,1000,https://www.amazon.com/dp/B0C6V55W2C
B00006MMU6,$10.25,430,430,https://www.amazon.com/dp/B00006MMU6
B01N0R25XI,$11.50,4000,13000,https://www.amazon.com/dp/B01N0R25XI
B099J7MY37,$20.00,3000,10000,https://www.amazon.com/Keeps-Minoxidil-Topical-Aerosol-bottles/dp/B099J7MY37
B07K986YLL,$54,612,612,https://www.amazon.com/dp/B07K986YLL?
B08T5V5YBC,$37,120,120,https://www.amazon.com/dp/B08T5V5YBC
B0C6V55W2C,$18.00,1300,2600,https://www.amazon.com/dp/B0C6V55W2C?
B09NMB39NQ,$9,250,250,https://www.amazon.com/dp/B09NMB39NQ
B084KWGXB6,$5,432,2460,https://www.amazon.com/dp/B084KWGXB6
B00I5FWZ6Y,$18.50,600,1450,https://www.amazon.com/dp/B00I5FWZ6Y
B00I5FWZ6Y,$18.50,22 August,1450,https://www.amazon.com/dp/B00I5FWZ6Y?
B08KHKFSBQ,$87,300,300,https://www.amazon.com/dp/B08KHKFSBQ
B0BQVXW8JB,$106,100,100,https://www.amazon.com/dp/B0BQVXW8JB
B08ZHMZXVS,$2.50,"1,000",1000,https://www.amazon.com/dp/B08ZHMZXVS?
B07MTZQL4Q,$110,250,250,https://www.amazon.com/dp/B07MTZQL4Q
B09NF5TXT7,$25.50,"1,000",1000,https://www.amazon.com/dp/B09NF5TXT7
B0BRNKLC7G,$2,"2,400","2,400",https://www.amazon.com/dp/B0BRNKLC7G
B0CN9RF531,$41.50,500,500,https://www.amazon.com/dp/B0CN9RF531
B0CYNVF8LM,$12.25,"2,000",8000,https://www.amazon.com/dp/B0CYNVF8LM/
B0C2JBDYKZ,$725.00,300,300,https://www.amazon.com/dp/B0C2JBDYKZ
B091T25DDT,$2.50,"2,688","2,688",https://www.amazon.com/dp/B091T25DDT
B00ECDM78E,$52,144,144,https://www.amazon.com/dp/B00ECDM78E
B07BFJSYFM,$41,4 April,460,https://www.amazon.com/dp/B07BFJSYFM
B07CRSH25X,$75,18 July,200,https://www.amazon.com/dp/B07CRSH25X
B08SZH8J2T,$98,27 August,240,https://www.amazon.com/dp/B08SZH8J2T?
B09NF5TXT7,$25.50,26 September,1000,https://www.amazon.com/dp/B09NF5TXT7
B0CYNVF8LM,$12.25,22 June,8000,https://www.amazon.com/dp/B0CYNVF8LM/
B0C2JBDYKZ,$725.00,26 October,300,https://www.amazon.com/dp/B0C2JBDYKZ
,,,,
,,,,
,,,,
,,,,
,,,,
,,,,
,,,,
,,,,
,,,,
,,,,
,,,,
,,,,
,,,,
,,,,
,,,,
,,,,
,,,,
,,,,
,,,,
,,,,
,,,,
,,,,
,,,,
,,,,
,,,,
,,,,
,,,,
,,,,
,,,,
,,,,
,,,,
,,,,
,,,,
,,,,
,,,,
,,,,
,,,,
,,,,
,,,,
,,,,
,,,,
,,,,
,,,,
,,,,
,,,,
,,,,
,,,,
,,,,
,,,,
,,,,
,,,,
,,,,
,,,,
,,,,
,,,,
,,,,
,,,,
,,,,
,,,,
,,,,
,,,,
,,,,
,,,,
,,,,
,,,,
,,,,
,,,,
,,,,
,,,,
,,,,
,,,,
,,,,
,,,,
,,,,
,,,,
,,,,
,,,,
,,,,
,,,,
,,,,
,,,,
,,,,
,,,,
,,,,
,,,,
,,,,
,,,,
,,,,
,,,,
,,,,
,,,,
,,,,
,,,,
,,,,
,,,,
,,,,
,,,,
,,,,
,,,,
,,,,
,,,,
,,,,
,,,,
,,,,
,,,,
,,,,
,,,,
,,,,
,,,,
,,,,
,,,,
,,,,
,,,,
,,,,
,,,,
,,,,
,,,,
,,,,
,,,,
,,,,
,,,,
,,15 July,,
B0CHRSQNG2,$12.00,,1300,https://www.amazon.com/dp/B0CHRSQNG2
B0CPD49KN5,$18.50,120,1500,https://www.amazon.com/DP/B0CPD49KN5
B08CGN8MN4,$70.00,250,500,https://www.amazon.com/dp/B08CGN8MN4
B0B137RLYG,$17.50,,1000,https://www.amazon.com/DP/B0B137RLYG
B093MSWF9L,$12.00,260,260,https://www.amazon.com/gp/product/B093MSWF9L/
B08DDH5CPW,$70,456,456,https://www.amazon.com/dp/B08DDH5CPW
B09TQY97MJ,$90,360,360,https://www.amazon.com/dp/B09TQY97MJ
B08GBMP79V,$13,520,520,https://www.amazon.com/dp/B08GBMP79V
B000ND5C9I,$39.00,500,500,https://www.amazon.com/dp/B000ND5C9I
,,16 July,,
B074P9B4TW,$4.75,,600,https://www.amazon.com/Crest-Cavity-Protection-Sparkle-Toothpaste/DP/B074P9B4TW
B0CCZ26B5V,$235.00,300,300,https://www.amazon.com/Bose-QuietComfort-Cancelling-Headphones-Bluetooth/dp/B0CCZ26B5V/
B07CN23JR1,$42,162,162,https://www.amazon.com/dp/B07CN23JR1
B0CB6TLV5Z,142$,,280,https://www.amazon.com/dp/B0CB6TLV5Z?
B09ZJY5HWW,$140,78,78,https://www.amazon.com/dp/B09ZJY5HWW
B0CVRDNLVX,"$1,500",,135,https://www.amazon.com/dp/B0CVRDNLVX
B093667QV4,$25.00,300,1584,https://www.amazon.com/DP/B093667QV4
B00YVT434A,$12.75,500,1000,https://www.amazon.com/Andis-Shaver-No-17155-Replacement-Cutter/dp/B00YVT434A/
B01EYCI13M,$29.00,300,840,https://www.amazon.com/DP/B01EYCI13M
B0936CXZ91,$38.00,300,1200,https://www.amazon.com/DP/B0936CXZ91
B084CQ41M2,$76.00,400,1000,https://www.amazon.com/DP/B084CQ41M2
B087YXPP96,$26,,1000,https://www.amazon.com/Biote-Medical-Practitioner-Grade-Nutraceuticals-Capsules/DP/B087YXPP96/
B09BW24R2B,$5.00,,500,https://www.amazon.com/dp/B09BW24R2B
B075P84FH9,$180.00,200,400,https://www.amazon.com/dp/B075P84FH9
B00L1Y11D4,$27,450,450,https://www.amazon.com/dp/B00L1Y11D4
B0946RKND4,$25,140,140,https://www.amazon.com/dp/B0946RKND4
B09ZJY5HWW,$140,78,78,https://www.amazon.com/dp/B09ZJY5HWW
B08HKMS68Z,$4,2000,4250,https://www.amazon.com/dp/B08HKMS68Z
B07XVHL2JK,$14.50,1000,1000,https://www.amazon.com/dp/B07XVHL2JK?th=1
B0BV5YZN3L,$30,1000,1000,https://www.amazon.com/dp/B0BV5YZN3L
B09JL5CY5Z,$100.00,,800,https://www.amazon.com/dp/B09JL5CY5Z
B08WPXPTD8,$39.00,500,1000,https://www.amazon.com/Thorne-NiaCel-400-Nicotinamide-Supplement/dp/B08WPXPTD8/
B001G1CUK0,$14,300,300,https://www.amazon.com/dp/B001G1CUK0?
,,17 July,,
B0CPGFQJ,$25.00,136,136,https://www.amazon.com/gp/product/B0CPGFQJ
B0CCLNY6S,$330.00,100,800,https://www.amazon.com/gp/product/B0CCLNY6S
B07C7S9Q4F,$33,400,400,https://www.amazon.com/dp/B07C7S9Q4F
B009S8EQGO,$40.00,300,624,https://www.amazon.com/dp/B009S8EQGO
B0745Y2JSB,$24.00,800,2400,https://www.amazon.com/dp/B0745Y2JSB
B0080GDSW8,$34.00,490,490,https://www.amazon.com/Acqua-Giorgio-Armani-Toilette-Spray/dp/B0080GDSW8/
B0BTM8HRZ4,$3.50,2400,2400,https://www.amazon.com/dp/B0BTM8HRZ4
B003TKUVAC,$9,275,275,https://www.amazon.com/dp/B003TKUVAC
B0CLF1DHHW,$167.00,200,1000,https://www.amazon.com/Milwaukee-2967-20-Torque-Impact-Wrench/dp/B0CLF1DHHW
B0B5D9HXY6,$36.00,,438,https://www.amazon.com/dp/B0B5D9HXY6
B09742Q1PP,$17.00,1200,4290,https://www.amazon.com/dp/B09742Q1PP
B09742Q1PP,$17.00,1200,4290,https://www.amazon.com/dp/B09742Q1PP